WT residue type,chain ID,Residue #,G,A,V,L,I,M,F,W,P,S,T,C,Y,N,Q,D,E,K,R,H,s,p,y
G,A,88,0.0,0.0,0.0097,0.04853,0.04973,0.02552,0.04746,0.10271,0.00049,0.03879,0.00577,0.01717,0.04855,0.08544,0.05329,0.0184,0.06176,0.1742,0.00278,0.03753,0.03766,0.14545,0.00569
V,A,89,0.00156,0.00185,0.00033,0.00619,0.02797,0.05747,0.02783,0.02129,0.16202,0.00237,0.00047,0.00115,0.00785,0.00177,0.19556,0.00566,0.00484,0.06817,0.0404,0.0067,0.01085,0.00519,0.01547
S,A,90,0.03489,0.00271,0.38536,0.03908,0.27209,0.14868,0.03298,0.04463,0.17967,0.00177,0.00482,0.46938,0.02661,0.03871,0.20296,0.21692,0.32978,0.08593,0.10332,0.06325,0.11474,1.0808,0.03253
E,A,91,0.00027,0.0247,0.00173,0.05989,0.01095,0.14475,0.00792,0.0301,0.03186,0.00011,0.0001,0.0144,0.0069,0.01371,0.01174,0.00507,0.00367,0.026,0.02136,0.00287,0.04145,0.02019,0.01127
I,A,92,0.00399,0.02554,0.02334,0.02549,0.00468,0.0567,0.04716,0.07662,0.02974,0.03011,0.009,0.04368,0.07118,0.04204,0.05002,0.01904,0.01264,0.03158,0.02333,0.01318,0.074,0.01466,0.00405
R,A,93,0.01458,0.01338,0.08938,0.12647,0.03434,0.15189,0.0174,0.07726,0.29763,0.12262,0.02861,0.02355,0.20924,0.03225,0.06014,0.03656,0.14293,0.07789,0.02342,0.11299,0.26947,0.03149,0.15025
Q,A,94,0.0,0.00477,0.05228,0.02651,0.00213,0.14083,0.02693,0.08366,0.02686,0.02476,0.00827,0.0053,0.05673,0.02066,0.03863,0.25732,0.08923,0.07547,0.05859,0.03606,0.00984,0.01842,0.12766
T,A,95,0.02718,0.14338,0.18173,0.10025,0.09911,0.18813,0.11939,0.15936,0.1218,0.08575,0.00389,0.05229,0.24237,0.13829,0.11343,0.0571,0.11191,0.12426,0.23365,0.18953,0.09338,0.30361,0.28999
A,A,96,0.0,0.0,2e-05,0.00198,0.03308,0.06485,0.00318,0.00655,0.00639,0.00035,1e-05,0.00012,0.00215,0.08408,0.21458,0.11582,0.00505,0.00658,0.02919,0.0046,0.04888,0.00474,0.04985
D,A,97,0.15007,0.11662,0.11061,0.10073,0.05451,0.14376,0.13599,0.1386,0.04687,0.12611,0.02648,0.1105,0.12138,0.12332,0.09683,0.12386,0.13742,0.10955,0.10947,0.11793,0.0629,0.10025,0.19554
R,A,98,0.16824,0.04217,0.025,0.03786,0.03304,0.11633,0.04826,0.33304,0.02112,0.22446,0.03419,0.02986,0.02354,0.11144,0.1824,0.10563,0.10222,0.05436,0.0174,0.07067,0.05527,0.10216,0.08692
W,A,99,0.01667,0.05945,0.04163,0.04885,0.03528,0.22103,0.04818,0.07137,0.15491,0.02785,0.0588,0.06407,0.10384,0.03815,0.05215,0.03806,0.01823,0.16735,0.27718,0.06022,0.08383,0.09015,0.42289
R,A,100,0.10794,0.13389,0.05024,0.05161,0.01635,0.12444,0.4357,0.73428,0.02616,0.07438,0.00553,0.06989,0.95169,0.27883,0.03309,0.0385,0.07261,0.05338,0.0,0.13869,0.03286,0.1883,0.8646
V,A,101,0.03299,0.02247,0.00047,0.1915,0.00595,0.41025,2.06762,4.0849,0.04378,0.01233,0.00149,0.11163,2.99089,0.07653,0.26561,0.02531,0.57386,0.63813,3.53716,1.14799,0.57915,0.97059,2.87894
S,A,102,0.03082,0.031,0.10891,0.17292,0.47552,0.16701,0.44857,0.56662,0.2506,0.00076,0.26487,0.13197,0.29098,0.39535,0.08178,0.25334,0.07539,0.10134,0.31482,1.64768,0.26275,0.28818,1.61005
L,A,103,0.01206,0.01075,0.05261,0.02834,0.03572,0.04141,0.02359,0.25996,0.02926,0.04404,0.04898,0.0256,0.09905,0.12616,0.03609,0.04376,0.04776,0.19725,0.50903,0.0125,0.01706,0.13445,0.41141
D,A,104,0.0896,0.02603,0.12988,0.10205,0.03451,0.15244,0.05756,0.34396,0.07146,0.08348,0.11735,0.05283,0.08626,0.1314,0.26637,0.00684,0.07804,0.11519,0.15384,0.05855,0.11127,0.1445,0.0678
V,A,105,0.03041,0.00718,0.00554,0.01947,0.02045,0.2515,0.72216,3.54751,0.01961,0.05701,0.02693,0.00565,1.53232,0.03988,0.74832,0.04394,0.4308,0.99835,1.37396,2.95625,0.53484,4.47084,4.64189
N,A,106,0.06557,0.06362,0.03603,0.16107,0.07133,0.44057,0.11351,0.0469,0.1066,0.06485,0.16871,0.19207,0.12158,0.09207,0.06853,0.06277,0.15652,0.1919,0.1405,0.10728,0.1649,0.11334,0.13844
H,A,107,0.04633,0.14586,0.09056,0.15723,0.01928,0.03715,0.22018,0.43002,0.19467,0.12417,0.11183,0.08175,0.27346,0.0761,0.03753,0.0318,0.08529,0.21744,0.1397,0.04079,0.14201,0.14131,0.14337
F,A,108,0.01174,0.02859,0.09654,0.01594,0.00766,0.0459,0.00787,0.01654,0.06615,0.00572,0.00981,0.02167,0.03563,0.00903,0.03426,0.01174,0.24026,0.09088,0.10817,0.00543,0.426,0.23028,0.25156
A,A,109,8e-05,0.0,0.17214,0.08161,0.08065,0.05283,0.1551,0.11321,0.21301,0.00285,0.03447,0.06736,0.22718,0.17606,0.07955,0.0456,0.03196,0.06535,0.15369,0.11348,0.02019,0.18828,0.25603
P,A,110,0.02094,0.01257,0.0763,0.00309,0.03806,0.05073,0.08119,0.03416,0.00076,0.00964,0.0005,0.00319,0.07703,0.03575,0.01838,0.01721,0.02407,0.01747,0.02354,0.01496,0.04646,0.01846,0.15456
E,A,111,0.01691,0.0052,0.02528,0.08361,0.02024,0.06607,0.0313,0.03817,0.04372,0.03046,0.02553,0.01264,0.14837,0.00646,0.02045,0.02324,0.0224,0.04879,0.01225,0.02074,0.01517,0.04098,0.06385
E,A,112,0.07077,0.19749,0.25564,0.35184,0.1346,0.03669,0.01816,0.03029,0.19455,0.24329,0.18477,0.03751,0.04486,0.14293,0.34372,0.08613,0.0,0.42223,0.71608,0.01298,0.61094,1.394,0.01772
L,A,113,0.06309,0.0277,0.02175,0.02912,0.02485,0.05722,0.69057,1.17483,0.16811,0.06366,0.03909,0.02138,1.44921,0.01824,0.01803,0.14767,0.04776,0.25762,0.05272,0.42618,0.04047,0.03893,1.0237
T,A,114,0.01029,0.00922,0.01918,0.09164,0.02643,0.05021,0.00515,0.01439,0.00501,0.00772,0.00423,0.00913,0.0383,0.00724,0.00583,0.007,0.0077,0.03731,0.23825,0.00838,0.00797,0.01923,0.10065
V,A,115,0.00506,0.00553,0.00029,0.07006,0.00723,0.03125,0.04032,0.06274,0.05308,0.00479,0.02282,0.07129,0.06597,0.01842,0.05316,0.16811,0.03514,0.14676,0.52263,0.00537,0.55706,0.16844,0.0927
K,A,116,0.06387,0.02555,0.16237,0.08622,0.13417,0.28868,0.12036,0.12056,0.06747,0.05794,0.18621,0.08619,0.13379,0.09995,0.04954,0.19337,0.03799,0.03523,0.06862,0.08556,0.04501,0.05849,0.18992
T,A,117,0.00871,0.00184,0.01111,0.82769,0.02677,0.6997,0.03701,0.22594,0.04836,0.03684,0.00111,0.01857,0.10664,0.16943,0.20809,0.27316,0.04258,0.49898,0.81313,0.02537,0.08555,0.53985,0.05552
K,A,118,0.10059,0.04864,0.04907,0.2312,0.0518,0.20232,0.07646,0.0801,0.14172,0.1665,0.04281,0.02607,0.40463,0.01263,0.01974,0.02332,0.00608,0.0,0.01829,0.01221,0.00866,0.09959,0.0487
E,A,119,0.01038,0.00951,0.00648,0.02039,0.01082,0.05072,0.00649,0.06703,0.1675,0.02527,0.04916,0.00188,0.00514,0.00226,0.00123,0.01524,0.00202,0.00975,0.01552,0.00271,0.00184,0.03547,0.02884
G,A,120,0.0,0.0,0.00288,0.02039,0.00481,0.06102,0.09894,0.01214,0.08861,3e-05,0.00327,0.01362,0.11718,0.02764,0.30109,0.00195,0.03776,0.07288,0.44499,0.01411,0.01094,0.03259,0.11862
V,A,121,0.04822,0.01828,3e-05,0.01832,0.00559,0.00571,0.09284,0.0153,0.05819,0.03626,0.05322,0.01138,0.14494,0.22646,0.09284,0.03668,0.0774,0.05376,0.11906,0.10368,0.04257,0.00569,0.53858
V,A,122,0.02293,0.02216,0.00156,0.28344,0.09427,0.51194,1.84434,2.57767,0.17345,0.02496,0.0009,0.01551,0.73249,0.01474,0.28315,0.01194,0.17323,0.26718,2.96538,0.52208,0.86672,1.53885,3.08811
E,A,123,0.06442,0.15221,0.05473,0.0978,0.13639,0.07925,0.30603,1.18456,0.0531,0.15918,0.01579,0.12938,0.36796,0.12897,0.15474,0.03121,0.03114,0.15002,0.32347,0.53812,0.10384,0.68839,0.3461
I,A,124,0.02233,0.02641,0.02588,0.20206,0.00488,0.14911,0.39592,0.28682,0.02412,0.01415,0.0955,0.01869,2.11,0.00499,0.08832,0.01572,0.06312,0.14104,1.07153,0.18603,0.5674,0.5167,7.29467
T,A,125,0.05991,0.05068,0.00316,0.06907,0.10676,0.12314,0.44906,0.93128,0.03706,0.03844,0.00134,0.07001,0.42707,0.16298,0.25574,0.53642,0.05606,0.07802,0.24171,0.07547,0.39372,0.1931,0.31016
G,A,126,0.0,0.08404,0.17246,0.52275,1.55667,6.64522,2.16424,1.84116,0.1755,0.47484,0.58726,0.27832,1.56725,0.08489,4.65854,4.6758,5.70651,0.40988,1.42013,11.88618,6.64693,0.64448,1.72765
K,A,127,0.00566,0.00557,0.00214,0.01259,0.00792,0.04689,0.08145,0.01381,0.00144,0.00363,8e-05,0.02554,0.00492,0.01064,0.05548,0.03021,0.01229,0.00521,0.03057,0.01392,0.04786,0.01087,0.0061
H,A,128,0.11827,0.02138,0.2812,0.20291,0.57696,0.13601,0.11005,0.23276,0.50405,0.04822,0.17997,0.27199,0.12456,0.2488,0.20397,0.33517,0.22185,0.22306,0.40399,0.02243,0.79958,0.66774,0.40761
E,A,129,0.01004,0.00475,0.01217,0.05167,0.06676,0.0664,0.0533,0.01537,0.01668,0.01113,0.0127,0.01874,0.193,0.00539,0.0783,0.01121,0.00589,0.0322,0.25686,0.01372,0.00883,0.00959,0.12224
E,A,130,0.01055,0.03286,0.00024,0.03811,0.00475,0.04431,0.03517,0.01004,0.037,0.0162,0.00533,9e-05,0.10459,0.03251,0.00771,0.04292,0.0,0.01542,0.03588,0.1567,0.04378,0.01055,0.12451
R,A,131,0.07522,0.15105,0.11619,0.23058,0.13336,0.09502,0.22185,0.27618,0.22967,0.18942,0.13386,0.08316,0.21856,0.08763,0.16006,0.23386,0.19665,0.20535,0.13612,0.12708,0.133,0.14596,0.35419
Q,A,132,0.1196,0.11887,0.00373,0.02934,0.02994,0.16437,0.10147,0.04788,0.26887,0.0039,0.01781,0.0163,0.06968,0.03207,0.03047,0.01242,0.11546,0.10053,0.15148,0.07188,0.1944,0.31658,0.08417
D,A,133,0.01685,0.01429,0.40184,0.06859,0.32444,0.12936,0.14097,0.26987,0.1888,0.02442,0.01683,0.01505,0.07276,0.02147,0.20081,0.01942,0.02268,0.18261,0.15464,0.02837,0.02662,0.0338,0.38536
E,A,134,0.01949,0.0,0.00017,0.00016,0.01909,0.0111,0.09006,0.00369,0.37862,0.15434,0.00284,0.00079,0.0505,0.00053,0.0083,0.00237,0.00072,0.04328,0.16284,0.00262,0.01406,0.05785,0.00729
H,A,135,0.02335,0.02539,0.054,0.14693,0.09463,0.02539,0.07696,0.08543,0.03568,0.40601,0.551,0.05768,0.08245,0.20702,0.03836,0.07379,0.03402,0.02501,0.04156,0.00395,0.04379,0.02812,0.10495
G,A,136,0.0,0.0,0.00192,0.00917,0.01978,0.14976,0.01013,0.08737,0.02604,6e-05,0.02039,8e-05,0.00769,0.00553,0.02193,0.00546,0.00988,0.0202,0.03584,0.01482,0.00412,0.09912,0.208
Y,A,137,0.03712,0.11164,0.00466,0.01617,0.0106,0.01678,0.00934,0.00166,0.02676,2e-05,0.10674,0.07446,0.0027,0.18926,0.00712,0.09253,0.01973,0.00871,0.0508,0.1206,0.2127,0.04161,0.08883
I,A,138,0.03171,0.01455,0.00207,0.01655,0.00187,0.01499,0.00642,0.0096,0.15416,0.02467,0.0013,0.00612,0.05051,0.03764,0.2279,0.04494,0.01945,0.17181,0.11972,0.22225,0.0639,0.29421,0.06989
S,A,139,0.00054,0.00091,0.00324,0.14398,0.1552,0.11015,0.02408,0.16867,0.00523,0.00088,0.00109,0.00081,0.00841,0.03399,0.25238,0.06313,0.02251,0.10512,0.0567,0.0228,0.01024,0.06733,0.02495
R,A,140,0.00913,0.00912,0.00317,0.1719,0.03911,0.03864,0.11321,0.15813,0.01688,0.02782,0.00973,0.00853,0.01629,0.01967,0.00969,0.02406,0.02837,0.04402,0.0,0.04086,0.02038,0.13406,0.3656
C,A,141,0.00834,0.01144,0.021,0.02689,0.05165,0.21159,0.02514,0.10587,0.03755,0.02391,0.03184,0.00492,0.0158,0.04997,0.00785,0.07127,0.00877,0.04809,0.15632,0.03592,0.02674,0.06553,0.0754
F,A,142,0.03797,0.06951,0.03499,0.07709,0.02558,0.03878,0.02458,0.12058,0.06087,0.09116,0.13136,0.06075,0.03865,0.03968,0.31903,0.12421,0.06778,0.11043,0.06702,0.03856,0.06702,0.19764,0.02936
T,A,143,0.00353,0.005,0.00324,0.03896,0.02634,0.02401,0.03732,0.21341,0.02121,0.00848,7e-05,0.02321,0.04348,0.01054,0.03658,0.0171,0.04781,0.11915,0.40011,0.01137,0.04698,0.03154,0.20255
R,A,144,0.02811,0.03188,0.0172,0.12779,0.02078,0.10081,0.03653,0.08671,0.30868,0.01406,0.00375,0.03015,0.02508,0.12314,0.0289,0.01353,0.01285,0.02607,0.01709,0.05926,0.07457,0.08043,0.11233
K,A,145,0.04569,0.02165,0.01563,0.05724,0.1245,0.07188,0.05135,0.05245,0.01707,0.01554,0.0562,0.06643,0.06101,0.02201,0.02651,0.00962,0.06555,0.0,0.06678,0.04379,0.02961,0.05557,0.05451
Y,A,146,0.04352,0.04878,0.12514,0.03446,0.03569,0.22211,0.05247,0.07224,0.02723,0.01944,0.04354,0.03217,0.02842,0.0264,0.14016,0.01746,0.01296,0.08461,0.13601,0.02011,0.66319,0.52848,1.22106
T,A,147,0.00069,0.04721,0.04317,0.17395,0.06782,0.03606,0.03381,0.28455,0.00266,0.04084,0.06043,0.0567,0.06565,0.05263,0.04866,0.06406,0.01636,0.05114,0.14756,0.01879,0.04157,0.03802,0.07554
L,A,148,0.00895,0.0112,0.16176,0.00556,0.03521,0.10506,0.24008,1.07298,0.60595,0.01786,0.00946,0.00769,1.03129,0.01973,0.05526,0.02064,0.0639,0.13177,0.63029,1.554,0.04617,0.41511,1.21968
P,A,149,0.00451,0.00503,0.08526,0.28173,0.20586,0.20876,0.13598,0.40914,0.01111,0.01821,0.70279,0.10972,0.06662,0.36909,0.01904,0.19738,0.03031,0.13709,0.10426,0.18675,0.32689,0.21647,0.05113
P,A,150,0.00679,0.00667,0.00733,0.00953,0.00854,0.01281,0.00742,0.01307,0.00738,0.0082,0.00577,0.00855,0.00842,0.00881,0.01785,0.01074,0.02385,0.00722,0.02938,0.01899,0.01471,0.01385,0.01408
G,A,151,0.0,0.0,0.00205,0.02632,0.04652,0.02687,0.00988,0.02661,0.01229,0.01595,0.40767,0.03027,0.02161,0.00232,0.0841,0.01322,0.00546,0.03288,0.03175,0.02265,0.01011,0.27568,0.03408
V,A,152,0.02125,0.02098,0.0424,0.03107,0.07139,0.66106,0.41741,3.11811,0.0369,0.01924,0.02715,0.0234,0.30196,0.01383,1.0077,0.04275,0.14944,0.26854,1.93441,1.17901,1.0919,0.78241,2.67195
D,A,153,0.0347,0.01783,0.15586,0.07017,0.02316,0.12548,0.06288,0.02825,0.023,0.02458,0.07745,0.00565,0.1664,0.00407,0.02002,0.00339,0.01576,0.14224,0.07738,0.05107,0.00459,0.08758,0.13513
P,A,154,0.00438,0.00882,0.01172,0.03349,0.01819,0.14443,0.00181,0.01412,0.01487,0.00809,0.01268,0.04639,0.01162,0.0864,0.09603,0.01163,0.01699,0.1466,0.27473,0.01099,0.01498,0.01448,0.0471
T,A,155,0.00967,0.01996,0.20806,0.01618,0.38777,0.22285,0.01854,0.31537,0.05208,0.01477,0.00081,0.04428,0.07803,0.06963,0.03127,0.01327,0.14449,0.10913,0.06514,0.00641,0.02489,0.07073,0.02185
L,A,156,0.00249,0.02016,0.02979,0.0053,0.03113,0.00658,0.00728,0.00787,0.39586,0.03054,0.00281,0.00147,0.00239,0.02478,0.02516,0.04663,0.03438,0.03638,0.17254,0.00831,0.09832,0.55185,0.01145
V,A,157,0.03988,0.01606,0.0275,0.09084,0.08813,0.52422,0.83208,0.85223,0.48814,0.00572,0.03098,0.02783,1.17509,0.11273,0.26471,0.02207,0.03873,0.3651,0.3223,0.2709,0.20228,1.08525,0.8518
S,A,158,0.0,0.0,0.00054,0.04699,0.01007,0.10347,0.03227,0.03815,0.02758,0.0004,0.00065,0.00116,0.0016,0.00138,0.00936,0.00344,0.00957,0.13011,0.07031,0.00425,0.0108,0.01615,0.02358
S,A,159,0.00024,7e-05,0.00043,0.16749,0.00031,0.18353,0.04025,0.27869,0.01852,0.00015,0.04149,0.01959,0.02738,0.0449,0.02787,0.01064,0.04537,0.07913,0.05153,0.05598,0.05415,0.0192,0.03128
S,A,160,5e-05,4e-05,0.0001,0.03399,0.04623,0.04297,0.01977,0.00665,0.0027,6e-05,0.00023,0.03368,0.00518,0.00367,0.14872,0.003,0.00447,0.01223,0.12677,0.00134,0.00405,0.02081,0.06693
L,A,161,0.04722,0.01986,0.03717,0.03547,0.01724,0.03521,0.01428,0.02118,0.01928,0.00448,0.01954,0.08372,0.01296,0.01259,0.01364,0.25076,0.03318,0.06654,0.35047,0.01934,0.07846,0.10614,0.23845
S,A,162,0.1253,5e-05,0.05519,0.09282,0.06016,0.04018,0.1109,0.13757,0.02899,0.00159,0.00105,0.05541,0.06179,0.22082,0.13806,0.07199,0.06618,0.10916,0.36252,0.13042,0.00833,0.07758,0.78147
P,A,163,0.06634,0.03644,0.00021,0.0604,0.03433,0.06251,0.01698,0.03098,0.00021,0.03713,0.01435,0.04372,0.01595,0.01371,0.02088,0.00083,0.0856,0.07149,0.02573,0.00286,0.00634,0.06792,0.05268
E,A,164,0.12878,0.08148,0.11157,0.06255,0.10243,0.09846,0.10147,0.08214,0.48492,0.05182,0.0927,0.08439,0.08099,0.12251,0.08115,0.10924,0.0348,0.09481,0.09188,0.06186,0.14801,0.25207,0.10209
G,A,165,0.0,0.03075,0.10152,0.30369,0.1796,0.01085,0.03336,0.01062,0.06239,0.01978,0.18382,0.00384,0.03048,0.02789,0.02419,0.01221,0.0349,0.01069,0.06098,0.00943,0.06072,0.60914,0.0106
T,A,166,0.00175,0.0018,0.13202,0.14008,0.15474,0.12588,0.08561,0.1284,0.00885,0.32819,0.0103,0.02876,0.13276,0.14737,0.09226,0.03922,0.04776,0.04951,0.1045,0.06135,0.13041,0.21653,0.10737
L,A,167,0.10706,0.12307,0.12964,0.1039,0.0647,0.0784,1.28413,0.36315,0.22448,0.05222,0.06338,0.05287,0.25678,0.05166,0.08393,0.06701,0.06935,0.23923,0.44202,0.40863,0.14935,0.04006,1.39729
T,A,168,0.00103,0.00078,0.00084,0.05056,0.02762,0.09626,0.23171,0.17345,0.01053,0.0008,0.00068,0.00325,0.08638,0.0318,0.14506,0.02196,0.23021,0.03126,0.04398,0.00569,0.29473,0.00928,0.14662
V,A,169,0.05421,0.05407,0.05316,0.08549,0.06162,0.29568,0.99533,1.79984,0.06038,0.08786,0.05321,0.05405,0.99242,0.04507,0.38378,0.05107,0.16865,0.57289,0.88072,0.55644,0.12555,2.15493,3.1207
E,A,170,0.02152,0.01355,0.00961,0.20417,0.00907,0.06851,0.02691,0.00943,0.05907,0.01153,0.01324,0.00787,0.08439,0.0144,0.01867,0.00877,0.0072,0.06817,0.01512,0.02221,0.02661,0.04037,0.10236
A,A,171,0.00021,0.0,0.23146,0.4227,0.24785,0.43067,0.3159,2.81696,0.12426,0.2309,0.6307,0.16941,0.29511,0.56695,1.24163,0.81128,1.09627,1.85779,1.01713,0.37395,1.34384,1.16525,0.79438
P,A,172,0.03439,0.00218,0.02217,0.03322,0.03736,0.12942,0.04735,0.1222,0.00272,0.00267,0.00263,0.0092,0.02081,0.03032,0.06953,0.4574,0.04025,0.02372,0.09385,0.02569,0.19411,0.10135,0.07681
L,A,173,0.02172,0.00442,0.031,0.02507,0.075,0.04213,0.0165,0.11334,0.14466,0.0829,0.02513,0.01377,0.04844,0.09806,0.1338,0.02126,0.18437,0.27799,0.16818,0.02831,0.07251,0.01594,0.16835
P,A,174,0.0,0.0,0.23565,0.00297,0.02083,0.00684,0.0096,0.0045,0.00133,8e-05,0.34877,0.00025,0.00126,0.13138,0.01435,0.00202,0.00267,0.04783,0.29347,0.06052,0.00596,0.24631,0.14771
K,A,175,6e-05,0.02629,0.04675,0.02281,0.02479,0.0193,0.01154,0.03647,0.0232,0.02351,0.00131,0.00046,0.0313,0.01849,0.01768,0.02826,0.04529,0.0,0.13576,0.0264,0.01757,0.02263,0.044
A,A,176,0.0,0.0,0.0253,0.00046,0.00134,0.00309,0.00955,0.02299,0.00078,2e-05,0.04543,0.00122,0.00485,0.00432,0.00892,0.00863,0.02697,0.00117,0.0128,0.00902,0.00268,0.00659,0.01827
V,A,177,0.0,5e-05,8e-05,0.00074,0.00258,0.00044,0.00683,0.0303,0.00055,0.00061,3e-05,2e-05,0.0153,0.03473,0.02809,0.00151,0.00594,0.03779,0.10456,0.00486,0.01737,0.00324,0.0116
