WT residue type,chain ID,Residue #,G,A,V,L,I,M,F,W,P,S,T,C,Y,N,Q,D,E,K,R,H
S,A,7,0.102,0.38826,0.50055,0.54843,0.61626,0.46067,0.23025,0.56237,0.44066,9e-05,0.35755,0.37811,0.46175,0.60972,0.46628,0.02454,0.58054,0.34586,0.30094,0.64483
E,A,8,0.52194,-0.1601,0.6113,-0.11877,0.1687,-0.27592,-0.42179,-0.12578,0.87138,0.02536,0.57231,0.30171,-0.01612,-0.67778,-0.40876,-0.8846,-0.0218,-0.33008,-0.49122,0.13366
A,A,9,-5.1834,0.0,2.83973,1.65581,6.65204,0.91318,2.29903,2.16669,3.84051,0.95603,1.22793,0.75756,2.63321,1.47543,2.27044,0.9988,1.9167,1.71569,2.59728,2.65845
K,A,10,0.09679,0.87293,1.46205,0.33516,1.2455,0.35897,0.64097,0.74123,1.36371,0.84937,1.06188,0.82235,0.63681,0.37758,0.1527,1.06699,0.75988,-0.03805,-0.09612,0.76962
P,A,11,0.47268,0.59318,0.62108,0.53021,0.36311,0.90831,0.6523,0.87001,0.00278,0.74031,0.57671,0.54957,0.64387,-0.31035,0.37086,-0.19407,-0.28404,0.50224,0.62391,0.27281
A,A,12,-1.36792,0.0,5.47369,4.91126,9.7369,4.39025,4.76388,6.85254,4.696,1.99304,3.54416,1.37331,4.50928,3.00543,4.98507,3.98625,4.97843,5.24057,4.8994,4.764
T,A,13,-2.28629,-2.69989,0.96185,-3.16092,0.46291,-2.72691,-2.3373,-1.80137,-1.37818,-2.82824,-0.04011,-1.72683,-2.84868,-1.87867,-1.71498,-1.5655,-1.39674,-2.57676,-2.17667,0.55969
P,A,14,1.52724,1.46123,1.83287,1.28481,1.68697,1.30976,1.67809,1.69573,-0.00158,1.40585,1.82732,1.32687,1.62447,1.45145,1.19561,1.74458,1.21595,1.12629,1.31228,1.80126
E,A,15,0.23607,0.42492,0.34573,-0.30846,-0.4094,-0.4263,-0.91007,-0.10869,0.63473,0.62049,0.51189,0.84355,-0.83931,0.03493,-0.12443,0.21344,-0.01841,-0.32075,0.53031,-0.05742
I,A,16,-0.64248,-1.7688,0.64431,-0.0222,0.01455,-0.97986,12.66662,5.38594,-1.32916,-0.61029,0.02223,0.55833,14.62398,3.07516,1.52699,1.48116,0.9677,0.87112,0.75514,9.41463
Q,A,17,-2.29755,-1.95135,0.2134,-1.2197,1.33746,-1.58722,1.68637,3.84572,5.44729,-2.81531,-0.41413,-1.42281,-0.00578,0.24464,-0.16743,2.52556,0.50906,-1.18165,-1.08241,3.35191
E,A,18,0.04372,-0.34276,1.26291,-0.12558,1.18422,-0.02492,0.34343,0.64174,2.87528,-0.45419,-0.03815,0.42212,0.41474,-0.26399,-0.44388,0.59204,-0.01934,-0.21635,-0.85959,0.91667
I,A,19,1.04436,0.51667,0.57112,-0.84734,0.00278,-1.339,-0.7868,-1.09713,0.34302,0.70215,0.31557,0.85895,-0.40101,1.15631,0.54469,1.38124,0.7504,-0.15903,0.18305,0.65795
V,A,20,-2.2697,-2.13019,0.00215,2.29252,3.04848,3.14858,8.02756,33.76902,-1.37079,-1.00602,-0.22572,-0.85106,13.5362,2.3614,5.13852,4.30128,6.16796,3.69985,12.29651,8.08914
D,A,21,-1.29053,-1.52043,-0.28988,-0.97657,-0.50899,-0.84903,-0.63133,-0.13172,2.6256,-1.99641,-1.69656,-1.17372,-0.6329,-1.33663,-1.19029,-0.02534,-0.51771,-1.37481,-1.09819,-0.96632
K,A,22,0.15414,1.04596,0.46027,0.87493,0.01147,0.33111,0.78319,-0.29076,4.52825,0.70788,-0.08525,0.88726,0.54479,-0.5866,0.90565,0.4857,1.31643,-0.0,0.78684,0.47628
V,A,23,-0.23826,-0.37496,-5e-05,-0.90867,-0.93247,-1.70657,-0.94943,-1.34577,-1.35716,-0.27263,0.24983,-0.94041,-0.94219,-0.28271,-0.50469,-0.37404,-0.81176,-0.66553,-0.44259,-0.10659
K,A,24,-1.2651,-0.52772,1.86581,-2.6032,1.99731,-2.27527,-3.56907,-0.16838,2.90728,0.77099,2.28712,-0.53277,-2.61842,0.52307,1.13667,2.15369,2.44298,-0.0437,-0.22188,-1.29021
P,A,25,1.34748,1.38902,2.98215,1.7601,2.75951,1.95768,2.46285,2.38997,-0.0231,0.94129,2.61102,2.12745,2.52222,1.65932,1.65285,2.39349,1.89848,1.6117,1.17577,1.2467
Q,A,26,-0.05757,0.33424,-0.50128,-0.48719,-0.24427,-0.37444,-0.86732,-0.15378,1.79789,0.03077,-0.09776,0.44925,-0.8514,-0.17222,-0.0236,1.04419,-0.46569,-0.81399,-0.76362,-0.3054
L,A,27,-1.27342,-1.97978,2.306,-0.0,5.48478,-0.82129,-1.2789,0.77768,-3.78325,-0.93954,2.17945,-0.728,-0.98708,-0.34551,0.53076,2.19894,0.64013,-0.19703,0.00027,0.67646
E,A,28,-3.48107,-3.2256,-3.06491,-3.28066,-2.89087,-2.95493,-0.11639,0.1661,9.81416,-2.62807,-2.32911,-3.2455,-1.38333,-1.14051,-2.04302,0.63498,-0.01508,-2.37391,-2.31625,-0.09483
E,A,29,-2.41198,-1.75819,-0.65989,-0.10245,-0.88919,-1.68886,-1.39149,-1.43065,-0.33885,-2.17008,-0.92688,-1.51521,-1.45844,-2.08489,-1.80509,-1.19893,-0.02522,-1.87579,-2.50879,-1.65003
K,A,30,-0.75411,0.31822,1.36958,-0.1379,1.6007,0.96988,0.2435,1.24449,8.79069,0.65734,1.26992,1.60647,0.27486,0.78985,0.13032,1.62347,1.20262,-0.00454,0.11737,0.51577
T,A,31,-3.52184,-3.1922,1.4801,6.14936,1.72446,1.9495,17.53106,29.75608,-3.93499,-2.48518,0.0,-1.77393,26.33518,-1.65733,3.2647,1.10823,7.05559,5.5788,4.64359,15.24152
N,A,32,-0.34052,0.40206,2.61254,0.6809,2.55436,0.44753,0.44555,1.66325,7.28827,-0.09884,0.13776,1.60554,0.34832,-0.01186,-0.22044,0.50843,0.86218,-0.28552,-0.3826,0.58441
E,A,33,-1.05251,-1.77115,-0.62179,0.72533,0.92494,-1.19202,1.4,4.86977,1.47485,-1.24765,1.1251,-1.37461,1.69106,-1.10721,-0.03422,-0.48252,-0.01741,-0.39891,-0.34503,4.10641
T,A,34,-0.39827,-0.16919,0.17575,-0.32463,-0.38921,-0.7774,-0.39242,-0.07481,-0.94527,0.00518,0.00528,1.33396,-0.36133,-0.43135,-0.62329,-0.27908,-0.25723,-0.59973,-0.71036,-0.03882
Y,A,35,-2.68891,-0.69381,0.25893,-1.48233,-0.94143,-0.25019,-0.33436,-1.12549,1.02145,-1.83568,0.46738,-0.50789,-0.0,-2.17356,-2.06818,-3.44759,-0.66647,-1.88689,-1.99948,-1.76846
G,A,36,0.0,-0.1194,0.3757,-0.04928,0.64052,0.16866,-0.27077,-0.15638,0.61937,-0.02283,0.36535,0.25598,-0.19259,-0.18168,-0.48817,-0.30244,-0.39745,-0.3146,-0.93574,-0.60257
K,A,37,-1.10187,0.27357,2.99998,0.36827,3.34743,-1.06195,1.49143,2.15637,0.75049,0.54821,4.74291,0.24738,1.56099,0.35224,0.74756,1.52714,1.50704,-0.00032,-0.1229,0.23472
L,A,38,-0.56679,0.69252,1.35282,-0.00085,2.09289,0.89968,2.14652,4.11138,0.25875,0.81092,1.44394,1.0695,2.47595,1.31863,0.47568,0.64773,1.55816,-0.573,-0.7908,2.21896
E,A,39,-5.83507,-2.23131,1.44781,-1.20998,2.0197,-1.30781,0.39815,3.51808,2.77043,-0.89795,2.16295,-1.5708,1.42478,-1.26233,-0.19734,-0.44371,0.031,-0.8582,-0.27239,2.29851
A,A,40,-2.52698,0.0,6.25321,10.06264,8.63666,8.01529,25.7378,33.08278,8.44804,2.64695,7.26549,2.65029,34.28204,6.81862,9.94148,6.39372,9.30811,13.90678,17.80308,18.70722
V,A,41,-5.87573,-5.27805,0.0,-4.71949,2.07202,-4.4453,-5.25457,-2.02015,12.37004,-3.94706,-0.07345,-5.06426,-5.0389,-4.18509,-3.14019,-5.24346,-3.57984,-5.02909,-3.94056,-3.30916
Q,A,42,-5.25474,-1.22509,1.77633,-0.04832,1.99718,-0.92105,4.1889,5.4009,5.58104,0.09575,2.71365,-0.57933,4.47517,2.0367,-0.00711,2.49477,-0.19881,-0.45499,0.10598,2.44013
Y,A,43,-2.41919,-3.83513,-4.22799,-3.53395,-3.49,-5.5326,-0.97653,-0.1923,-3.74082,-3.28282,-2.52638,-4.5306,0.0,-2.92748,-4.62162,-1.66792,-3.73003,-4.62924,-4.10197,-0.55433
K,A,44,-2.52717,-1.1263,1.40598,0.55032,1.28431,0.24781,3.71337,6.09049,-0.72518,-0.36364,1.27085,0.20877,5.20665,2.72791,0.10172,3.35672,0.116,-0.01838,0.43562,3.90762
T,A,45,0.6626,0.16579,-0.85321,-0.68817,-1.09324,-0.75685,-0.22359,-0.27158,0.89649,0.40175,-0.00066,-0.15186,-0.2495,0.27244,-0.9214,0.91669,-1.36,-1.29248,-0.9231,1.36599
Q,A,46,0.5296,0.43428,0.60356,0.15611,0.56181,-0.66723,0.28161,0.57482,3.21692,-0.39917,0.12222,0.01239,0.31015,-0.03616,-0.00326,0.32506,-0.08076,0.23558,0.47144,0.19082
V,A,47,-1.32432,-0.3441,-2e-05,-0.24219,0.14651,-0.38398,-0.57862,-0.40555,-1.68815,-0.12259,0.04731,-0.22436,-0.44964,-0.00403,-0.61173,-0.52497,-0.84079,-0.30432,-0.29961,-0.27827
V,A,48,-4.78715,-3.60383,-0.1467,-2.04385,-0.33558,-2.62968,-2.34571,-2.50728,4.92612,-1.98399,-1.51403,-2.26232,-2.36482,-2.04003,-2.37726,-2.12476,-2.42804,-2.11165,-1.97839,-1.83957
A,A,49,-0.9154,-0.0,2.57456,0.06291,2.04379,-0.13528,0.133,0.6689,3.60041,0.04402,2.70299,0.16991,0.36372,0.37824,0.08432,0.36883,0.11516,-0.07471,-0.40867,0.70587
G,A,50,-0.0,11.32836,31.27566,42.1569,39.8836,33.1337,63.54934,68.37846,18.85028,19.10826,27.67046,19.85392,53.99786,31.239,36.59952,32.003,35.4796,35.10076,35.10822,54.89014
T,A,51,-4.16449,-2.53453,0.10393,-2.60295,0.24101,-2.95669,-3.06124,-3.07043,0.04641,-1.81312,0.002,-2.36047,-2.77542,-1.96916,-2.35938,-2.16822,-2.70616,-2.83244,-2.50829,-1.92143
N,A,52,-2.27968,-1.48546,-0.32997,-1.27986,0.62383,-1.59395,1.81432,5.05825,4.15766,-0.26232,0.58709,-0.40881,2.23436,-0.0867,0.5317,-0.99969,-0.01276,1.16031,1.34788,3.28905
Y,A,53,0.32113,0.54752,0.18637,-0.60115,-0.00914,-0.70756,-0.52309,0.92755,6.75628,0.8299,0.47298,0.52737,-0.00193,0.72653,0.47044,2.21854,0.80835,-0.4526,0.29107,0.56228
Y,A,54,1.19956,0.88987,0.62478,0.01875,0.53572,0.0205,0.46828,1.47761,3.36713,1.45935,1.35595,0.12108,-0.04739,-0.0036,0.4181,-0.72865,0.04004,0.49449,1.72807,1.7492
I,A,55,1.41774,0.46816,-0.52421,-2.11972,0.0,-2.24082,-2.03639,0.14472,1.47129,1.79469,1.83227,0.67814,-1.55557,-0.35123,0.32382,-0.26523,-0.04093,0.94556,0.92355,-0.29297
K,A,56,-1.15489,-0.77684,0.28643,-0.14798,0.117,0.56401,-0.4931,0.98388,1.43674,1.11794,1.48784,0.94288,-0.35851,1.53688,1.09907,1.77715,0.86697,-0.04739,0.32595,1.13469
V,A,57,0.15673,-1.23937,7e-05,-1.42702,0.38118,-0.62236,4.4036,5.6042,1.14952,0.44292,2.05667,-0.13292,7.31854,1.56057,1.77538,2.16687,3.3967,3.80283,6.9042,4.11934
R,A,58,-3.40485,-3.14252,3.79002,0.65416,4.60953,-1.3692,13.10442,9.8702,13.20776,-2.64183,2.57212,-0.99278,10.93108,-0.84884,0.6588,0.38842,1.69271,0.41574,-0.14553,5.50461
A,A,59,-1.17218,-0.0,8.70188,16.02978,13.27342,13.67762,33.8003,48.79274,8.38971,1.38504,7.38377,4.2184,36.6141,12.00846,18.95224,16.49928,20.31166,18.56226,25.61444,31.11148
G,A,60,0.0,9.06778,20.81902,28.4404,30.58504,19.78542,37.81638,39.35828,24.24658,13.87636,22.11754,16.1135,38.60654,28.42182,22.90838,27.58606,26.19594,19.71926,20.4012,51.8916
D,A,61,-0.1243,0.05474,-0.113,-0.21614,0.44305,0.82615,0.37878,0.86039,1.79587,-0.44084,-0.68019,-0.01987,0.40351,-0.02589,-0.20745,-0.0055,0.09954,-0.55529,-0.53116,0.47791
N,A,62,-0.22325,-0.19451,0.02118,-0.20515,-0.07475,-0.00426,-0.11625,0.24512,0.57943,-0.21347,0.01829,-0.15054,-0.09847,-0.00162,-0.4606,0.17765,0.10284,-0.57581,-0.4355,-0.02444
K,A,63,-1.13552,-0.22243,6.46255,0.89256,8.81089,0.57771,-0.1953,1.9272,0.03349,-0.5046,5.15452,-0.57265,-0.00834,-0.20272,0.25278,3.61933,3.2627,-0.12178,-0.4676,-0.23144
Y,A,64,-2.17843,-1.68588,-1.60327,-2.21715,-2.22716,-1.9189,-0.9555,-0.98815,-0.65383,-2.68625,-1.96028,-1.57987,-0.03586,-1.47138,-1.87597,-1.42345,-1.64154,-1.43299,-1.8001,-1.11909
L,A,65,-4.81851,-2.07798,1.38219,0.0,4.16263,-0.03007,18.6525,30.15236,-0.59197,-0.77599,0.07394,-2.09521,24.37642,1.64751,1.80688,3.85015,3.92559,1.02112,10.41615,9.30496
H,A,66,-2.11774,-1.4521,-1.25313,-1.11358,-1.60473,-0.84956,1.50428,1.04824,3.05111,-0.62358,0.23467,-0.95069,2.33188,-0.75153,-1.16817,-1.30678,-0.72009,-1.95198,-1.27447,0.34849
L,A,67,1.74316,0.6126,2.0869,-0.05308,2.04163,-1.13007,2.54057,3.75442,6.6715,0.94036,0.41625,0.69491,2.702,0.24262,0.93852,2.48153,1.86267,1.55064,0.91183,3.05081
K,A,68,-2.8751,-1.79513,-1.9392,-1.5583,-1.2611,-1.38368,6.00681,4.59168,5.74493,-1.81562,-1.05924,-1.57512,5.29972,-0.4313,-0.35296,0.33117,-1.27472,-0.07667,-1.02291,4.36352
V,A,69,2.14508,1.02527,-3e-05,-0.9969,-0.66271,-1.2751,-1.94367,-0.39459,-0.39086,1.85861,1.5755,0.8515,-1.11057,1.5763,0.71819,1.92904,0.9215,0.0154,0.59729,0.65195
F,A,70,-0.68585,-1.90848,-2.33858,-1.76976,-0.57328,-1.34493,-0.05467,1.99381,7.39766,-0.09937,-1.42693,-1.17139,0.37082,-0.22729,-0.05073,-1.5374,-1.86611,-0.51492,-1.05974,0.68172
K,A,71,1.23774,0.71623,3.0534,0.13592,2.01457,-0.76267,-0.59014,0.19591,-0.2283,1.521,3.59665,1.10064,-0.35009,1.11175,0.90676,0.95651,0.92164,-0.007,0.67595,0.64824
S,A,72,-0.79354,-1.45939,2.00246,-1.98392,3.46928,-1.74053,-1.51919,-0.72991,11.27806,-0.00017,1.69887,-1.55595,-1.47182,-1.63555,-1.35679,-0.04503,-0.63976,-1.73662,-1.46524,-0.61702
L,A,73,-0.16997,0.53522,2.40907,-0.00475,1.96133,0.13831,1.53447,0.75861,9.52373,0.1217,0.85796,0.50102,1.80079,1.54436,0.50466,1.181,0.74908,0.47357,0.39412,0.45376
P,A,74,1.83877,1.61426,4.09748,1.65406,3.83113,1.3753,3.66987,4.08793,-0.01916,2.10895,4.18155,3.29638,3.92038,1.77093,1.90613,2.09256,3.31347,1.82912,3.13918,3.60586
G,A,75,0.0,3.3177,3.80641,3.5216,3.80882,3.34693,3.31591,3.34509,5.64924,3.48389,3.80318,3.41093,3.35363,3.42245,2.96255,3.44419,3.45193,3.32952,3.09266,3.53085
Q,A,76,0.25774,-0.07736,-0.015,-0.15239,-0.26743,-0.5678,-0.00296,0.05746,0.64427,0.13998,0.21619,-0.33413,0.06159,0.30411,-0.0363,0.38455,0.25023,-0.64891,-0.14899,0.32041
N,A,77,-0.46868,0.20017,0.98289,1.62725,1.82487,-0.42435,-0.06268,1.06128,3.66592,0.20163,2.12757,0.06091,0.1263,-0.01587,-0.61254,0.39585,-0.40504,0.62404,-0.85703,0.13562
E,A,78,0.0859,-0.28684,0.19385,-0.25425,0.10134,-0.38182,-0.20061,0.00302,0.2619,-0.09016,0.36319,0.04992,-0.12589,-0.20953,-0.20424,-0.10217,-0.00743,-0.31928,-0.45795,-0.08316
D,A,79,-3.3051,0.08067,0.9846,0.35896,0.75617,0.11357,0.0718,0.16563,1.26325,-1.09961,0.53823,0.1791,0.11943,-1.07716,0.18473,-0.04329,0.19603,0.0745,-0.10043,0.30082
L,A,80,-1.20643,0.24785,1.09455,-0.00326,0.57906,-0.19625,-0.49128,-0.16752,-1.64679,0.78459,1.64635,0.76812,0.17509,1.43064,0.83825,1.169,0.37828,-0.10779,0.48012,0.34337
V,A,81,-4.29515,-2.26422,-0.00088,-1.65607,0.21195,-1.62712,-1.32757,-0.91125,6.82121,-2.97455,-1.03544,-2.04899,-1.3068,-1.92118,-1.55436,-2.31719,-2.13133,-1.68636,-2.60858,-1.26275
L,A,82,2.62587,1.23036,1.56156,-0.0,1.66216,-0.31831,-0.07081,0.62569,1.78564,1.25067,1.71521,0.78667,0.39961,1.11216,1.08118,1.8408,1.15096,0.49147,0.72617,0.57353
T,A,83,-1.12054,-1.01632,-0.20481,-1.15771,-0.3213,-0.91143,-1.1328,-0.89053,-2.79358,-0.96312,-0.00074,-0.72766,-0.92538,-0.68398,-1.07695,-0.9071,-1.07684,-1.05972,-0.99784,-0.68929
G,A,84,0.0,6.43254,21.87252,13.54634,21.99846,11.61098,19.23444,16.34148,24.56268,9.53122,18.82388,9.00556,21.18366,12.4961,11.84236,11.71732,11.44174,12.9548,13.94198,26.281
Y,A,85,-2.0452,0.67496,1.72282,0.53199,1.3516,-0.02193,0.1032,-0.14862,2.43283,1.01352,1.66668,0.76077,0.01205,1.02301,0.76207,0.93122,0.64456,0.35778,0.58871,0.87981
Q,A,86,0.04302,0.02016,1.85848,0.08829,1.71068,0.42909,0.04866,0.52538,5.00818,-0.38275,0.51562,0.04743,0.23383,0.61062,-0.02743,0.31527,-0.13311,-0.04739,-0.07775,0.35756
V,A,87,-2.1915,-0.68517,0.004,-0.88566,0.12295,-0.97093,-0.75283,-0.72042,-2.14234,-0.56362,0.27485,-0.50221,-0.61167,-0.18824,-0.45359,-1.18949,-0.80426,-1.07606,-0.60871,-0.83039
D,A,88,-4.03013,-4.47434,2.27709,1.13095,3.97486,0.99065,0.51731,6.69989,-1.03934,-2.08029,1.69219,-1.63343,-0.90442,-0.66267,2.14605,-0.0,2.71222,3.44925,2.25681,6.98445
